"",,,,,,Left School/Learning,Left School/Learning,Never been to
"",,Total,,,At school/Learning Institution,Institution after completion,Institution before completion,school/Learning Institution
Age Group,Total,Male,,Female,TotalPerMcealne t Female,Total Male Female,Total Male Female,Total Male Female
Kenya,"43,326,094","21,348,725",,"21,977,369",41.4 42.7 40.1,26.4 27.4 25.5,15.8 14.8 16.7,16.4 15.1 17.7
Rural,"29,969,718","14,785,455",,"15,184,263",43.2 44.9 41.6,20.0 20.9 19.2,17.0 16.0 17.9,19.8 18.2 21.4
Urban,"13,356,376","6,563,270",,"6,793,106",37.2 37.6 36.8,40.8 42.1 39.5,13.1 12.2 14.0,8.8 8.1 9.6
3 - 5,"3,706,981","1,865,539",3,"1,841,442",57.3 56.4 58.3,0.2 0.2 0.2,0.1 0.1 0.1,42.4 43.3 41.4
4-5,"2,482,396","1,254,437",,"1,227,959",72.6 71.7 73.5,0.3 0.3 0.3,0.1 0.1 0.1,27.0 27.9 26.1
"",,,4,,,,,
6-13,"10,029,017","5,044,294",,"4,984,723",89.4 88.9 89.8,0.3 0.3 0.3,0.3 0.3 0.3,10.0 10.4 9.6
14-17,"4,534,318","2,312,013",5,"2,222,305",86.4 85.6 87.3,1.9 1.8 2.1,2.8 2.7 2.9,8.8 10.0 7.6
18-22,"4,549,271","2,214,928",6,"2,334,343",45.9 51.0 41.1,27.3 24.5 30.1,16.0 13.6 18.3,10.7 10.9 10.5
23-34,"8,938,652","4,216,519",,"4,722,133",7.2 8.6 5.9,54.5 56.1 53.1,26.1 24.1 27.9,12.1 11.1 13.0
35+,"11,567,855","5,695,432",7,"5,872,423",1.6 1.8 1.5,44.9 50.6 39.4,31.2 31.0 31.4,22.3 16.7 27.7
"",,,,Nairobi City
"",Use of Mobile Phones,Use of Internet,Use of Desktop Computers/Laptops/Tablets,
"",,,,Nyeri
40.0,,,,Kiambu
35.0,,,,Kirinyaga
30.0,,,,Nyandarua
25.0,,,,Murang'a
Mombasa 20.0,,,,
Tharaka-Nithi 15.0,,,,
"",,,,Embu
10.0,,,,
"",,,,Taita-Taveta
5.0,,,,
"",,,,Kisumu
Middle Level Colleges  Number of Persons who,,
"",,Percentage Enrolled
have Lost both Parents  National/Enrolment,,
Residence Total Male Female Total Male Female,,Total Male Female
"KENYA  518,463  247,913  270,550  90,303  48,442   41,861",,17.4 19.5 15.5
"Rural  252,219  125,910  126,309  60,984  33,779   27,205",,24.2 26.8 21.5
"Urban  266,244  122,003  144,241  29,319  14,663   14,656",,11.0 12.0 10.2
"",,Number of Persons who,
"",University Enrolment,,Percentage Enrolled
National/,,have Lost both Parents,
Residence,Total Male Female,Total Male Female,Total Male Female
KENYA,"485,734  276,347  209,387","17,660  11,048 6,612",3.6 4.0 3.2
Rural,"194,421  117,564 76,857","6,439 4,407 2,032",3.3 3.7 2.6
Urban,"291,313  158,783  132,530","11,221 6,641 4,580",3.9 4.2 3.5
"",,,,Proportion with Primary Grade 5-8 Complete,,
"",Population Ever Attended,,Total,Rural,Urban,
Age Group,Total Male Female,Total,Male,Female Total Male Female Total,Male,Female
Kenya,"36,205,835 18,124,919 18,080,916",32.9,31.6,34.2 36.4 35.0 37.9 25.9,24.8,27.0
10 - 14,"5,738,752 2,879,013 2,859,739",48.1,44.9,51.3 45.6 42.2 49.1 55.8,53.5,58.1
15 - 19,"4,736,975 2,380,075 2,356,900",43.6,45.9,41.3 47.9 49.9 45.8 31.7,33.7,29.9
20 - 24,"3,902,727 1,846,545 2,056,182",24.9,23.7,26.0 30.5 28.9 32.2 17.2,15.9,18.2
25 - 29,"3,311,496 1,585,674 1,725,822",31.6,28.3,34.6 41.2 37.4 44.6 21.4,18.7,24.0
30 - 34,"3,005,602 1,438,211 1,567,391",41.0,37.1,44.5 50.9 47.0 54.4 28.8,25.9,31.7
35 - 39,"2,237,206 1,145,357 1,091,849",43.9,42.0,45.9 52.8 50.7 54.9 32.1,30.5,33.7
40 - 44,"1,876,121 969,668 906,453",46.6,44.1,49.3 54.5 51.9 57.1 33.9,32.4,35.7
45 - 49,"1,491,793 779,791 712,002",45.2,41.9,48.8 52.2 48.7 55.6 32.0,30.2,34.2
50 - 54,"1,047,011 546,674 500,337",41.3,38.0,44.9 47.2 43.7 50.8 29.1,27.5,31.0
55 +,"2,341,716 1,305,600 1,036,116",37.4,36.6,38.4 39.8 39.1 40.7 29.2,28.3,30.4
"",,,Proportion with Secondary Form 1 - 2 Complete
"",Population ever Attended,,Total Rural Urban
Age Group,Total Male Female,Total,Male Female Total Male Female Total Male Female
Kenya,"36,205,835  18,124,919  18,080,916",7.7,7.1 8.3 7.8 7.3 8.4 7.4 6.7 8.2
14,"1,093,430 550,795 542,635",6.0,5.1 7.0 4.9 4.1 5.7 9.7 8.4 10.8
15 - 19,"4,736,975 2,380,075 2,356,900",28.3,27.0 29.7 27.5 25.8 29.2 30.7 30.7 30.7
20 - 24,"3,902,727 1,846,545 2,056,182",9.4,8.8 9.9 11.2 10.8 11.6 6.9 5.9 7.7
25 - 29,"3,311,496 1,585,674 1,725,822",6.7,5.4 7.9 7.2 5.9 8.5 6.2 4.8 7.4
30 - 34,"3,005,602 1,438,211 1,567,391",6.4,5.2 7.4 6.4 5.2 7.4 6.4 5.2 7.5
35 - 39,"2,237,206 1,145,357 1,091,849",6.0,5.2 6.8 5.8 4.9 6.7 6.2 5.4 6.9
40 - 44,"1,876,121 969,668 906,453",6.2,5.5 6.9 6.1 5.4 6.9 6.3 5.8 6.9
45 - 49,"1,491,793 779,791 712,002",6.6,6.0 7.2 6.7 6.1 7.4 6.4 5.9 7.0
50 - 54,"1,047,011 546,674 500,337",7.0,6.2 7.9 7.3 6.4 8.2 6.4 5.7 7.3
55+,"2,341,716 1,305,600 1,036,116",7.5,7.4 7.6 7.5 7.6 7.5 7.3 6.8 8.0
Age Group,Total,Male,Female,Total,Male,Female,Total,Male,Female,Total,Male,Female
National/,,Population (4-5),,Total Enrolment Age 4-5,Total Net Enrolment Rate (Total NER)
Residence/County,Total,Male Female,,Total Male Female,Total Male Female
KENYA,"2,498,365","1,262,684  1,235,681",,"1,791,376  894,051  897,325",71.7 70.8 72.6
Rural,"1,827,988","925,740 902,248",,"1,242,334  619,781  622,553",68.0 66.9 69.0
Urban,"670,377","336,944 333,433",,"549,042  274,270  274,772",81.9 81.4 82.4
Mombasa,"55,690","27,808 27,882",,"46,133 22,767 23,366",82.8 81.9 83.8
Kwale,"56,492","28,726 27,766",,"34,483 17,114 17,369",61.0 59.6 62.6
Kilifi,"85,478","43,097 42,381",,"61,967 30,714 31,253",72.5 71.3 73.7
Tana River,"23,102","11,847 11,255",,"10,042 5,166 4,876",43.5 43.6 43.3
Lamu,"7,832","4,058 3,774",,"5,138 2,582 2,556",65.6 63.6 67.7
Taita-Taveta,"15,100","7,637 7,463",,"12,895 6,466 6,429",85.4 84.7 86.1
Garissa,"55,967","29,167 26,800",,"6,344 3,312 3,032",11.3 11.4 11.3
Wajir,"59,249","29,829 29,420",,"7,647 3,954 3,693",12.9 13.3 12.6
Mandera,"72,692","34,091 38,601",,"11,542 5,371 6,171",15.9 15.8 16.0
Marsabit,"31,877","16,330 15,547",,"11,253 5,584 5,669",35.3 34.2 36.5
Isiolo,"18,124","9,168 8,956",,"9,310 4,662 4,648",51.4 50.9 51.9
Meru,"69,089","35,076 34,013",,"57,053 28,657 28,396",82.6 81.7 83.5
Tharaka-Nithi,"16,550","8,341 8,209",,"13,578 6,776 6,802",82.0 81.2 82.9
Embu,"24,002","12,234 11,768",,"19,544 9,858 9,686",81.4 80.6 82.3
Kitui,"54,343","27,502 26,841",,"40,823 20,225 20,598",75.1 73.5 76.7
Machakos,"59,155","30,400 28,755",,"49,823 25,374 24,449",84.2 83.5 85.0
Makueni,"41,498","21,174 20,324",,"33,213 16,698 16,515",80.0 78.9 81.3
Nyandarua,"28,468","14,609 13,859",,"24,950 12,711 12,239",87.6 87.0 88.3
Nyeri,"29,102","14,773 14,329",,"26,687 13,496 13,191",91.7 91.4 92.1
Kirinyaga,"22,266","11,161 11,105",,"19,987 9,989 9,998",89.8 89.5 90.0
Murang'a,"44,948","22,795 22,153",,"37,645 18,889 18,756",83.8 82.9 84.7
Kiambu,"100,420","50,819 49,601",,"90,329 45,415 44,914",90.0 89.4 90.6
Turkana,"62,417","31,683 30,734",,"19,463 9,772 9,691",31.2 30.8 31.5
West Pokot,"47,311","23,977 23,334",,"23,644 11,756 11,888",50.0 49.0 50.9
Samburu,"23,135","11,755 11,380",,"10,862 5,591 5,271",47.0 47.6 46.3
Trans Nzoia,"55,644","28,318 27,326",,"41,142 20,333 20,809",73.9 71.8 76.2
Uasin Gishu,"55,857","28,580 27,277",,"46,798 23,707 23,091",83.8 82.9 84.7
Elgeyo-Marakwet,"26,604","13,419 13,185",,"21,430 10,686 10,744",80.6 79.6 81.5
Nandi,"44,522","22,600 21,922",,"35,770 17,812 17,958",80.3 78.8 81.9
Baringo,"41,971","21,702 20,269",,"28,544 14,690 13,854",68.0 67.7 68.4
Laikipia,"26,361","13,308 13,053",,"19,445 9,762 9,683",73.8 73.4 74.2
Nakuru,"108,008","55,065 52,943",,"89,768 45,284 44,484",83.1 82.2 84.0
Narok,"84,337","42,733 41,604",,"48,289 23,987 24,302",57.3 56.1 58.4
Kajiado,"62,830","31,782 31,048",,"44,330 22,338 21,992",70.6 70.3 70.8
Kericho,"46,462","23,526 22,936",,"38,869 19,319 19,550",83.7 82.1 85.2
Bomet,"48,294","24,991 23,303",,"39,338 19,935 19,403",81.5 79.8 83.3
Kakamega,"100,310","50,532 49,778",,"77,049 37,772 39,277",76.8 74.7 78.9
Vihiga,"28,042","14,175 13,867",,"22,553 11,130 11,423",80.4 78.5 82.4
Bungoma,"97,122","48,960 48,162",,"71,103 34,868 36,235",73.2 71.2 75.2
Busia,"47,231","23,498 23,733",,"35,279 17,127 18,152",74.7 72.9 76.5
Siaya,"52,231","26,484 25,747",,"43,119 21,482 21,637",82.6 81.1 84.0
Kisumu,"56,544","28,295 28,249",,"49,929 24,714 25,215",88.3 87.3 89.3
Homabay,"67,159","33,820 33,339",,"57,877 28,872 29,005",86.2 85.4 87.0
Migori,"69,273","34,610 34,663",,"56,557 27,866 28,691",81.6 80.5 82.8
Kisii,"63,018","31,590 31,428",,"53,468 26,462 27,006",84.8 83.8 85.9
Nyamira,"28,933","14,598 14,335",,"24,537 12,218 12,319",84.8 83.7 85.9
Nairobi City,"183,305","92,041 91,264",,"161,827 80,788 81,039",88.3 87.8 88.8
National/,,Population (6-13),,Total Enrolment Age 6-13,Total Net Enrolment Rate (Total NER)
Residence/County,Total,Male Female,,Total Male Female,Total Male Female
KENYA,"10,073,836","5,067,361  5,006,475",,"8,931,818  4,470,589  4,461,229",88.7 88.2 89.1
Rural,"7,619,236","3,854,128  3,765,108",,"6,648,325  3,344,373  3,303,952",87.3 86.8 87.8
Urban,"2,454,600","1,213,233  1,241,367",,"2,283,493  1,126,216  1,157,277",93.0 92.8 93.2
Mombasa,"194,648","96,339 98,309",,"186,405 92,204 94,201",95.8 95.7 95.8
Kwale,"204,230","102,999 101,231",,"185,121 93,187 91,934",90.6 90.5 90.8
Kilifi,"328,788","164,743 164,045",,"311,587 155,864 155,723",94.8 94.6 94.9
Tana River,"80,003","40,686 39,317",,"53,766 27,389 26,377",67.2 67.3 67.1
Lamu,"29,584","14,994 14,590",,"26,870 13,544 13,326",90.8 90.3 91.3
Taita-Taveta,"61,790","31,029 30,761",,"60,318 30,255 30,063",97.6 97.5 97.7
Garissa,"218,784","119,564 99,220",,"53,811 29,550 24,261",24.6 24.7 24.5
Wajir,"219,687","116,370 103,317",,"65,415 35,230 30,185",29.8 30.3 29.2
Mandera,"255,846","126,662 129,184",,"85,234 43,107 42,127",33.3 34.0 32.6
Marsabit,"117,324","60,607 56,717",,"58,236 28,889 29,347",49.6 47.7 51.7
Isiolo,"64,153","33,279 30,874",,"41,630 20,890 20,740",64.9 62.8 67.2
Meru,"296,051","148,361 147,690",,"284,239 141,639 142,600",96.0 95.5 96.6
Tharaka-Nithi,"73,019","36,668 36,351",,"70,819 35,498 35,321",97.0 96.8 97.2
Embu,"103,221","51,908 51,313",,"101,292 50,857 50,435",98.1 98.0 98.3
Kitui,"254,763","128,765 125,998",,"245,668 123,947 121,721",96.4 96.3 96.6
Machakos,"253,959","128,237 125,722",,"248,839 125,531 123,308",98.0 97.9 98.1
Makueni,"198,791","100,371 98,420",,"195,220 98,461 96,759",98.2 98.1 98.3
Nyandarua,"125,802","63,997 61,805",,"124,229 63,139 61,090",98.7 98.7 98.8
Nyeri,"121,411","61,334 60,077",,"119,866 60,500 59,366",98.7 98.6 98.8
Kirinyaga,"94,612","47,422 47,190",,"93,346 46,785 46,561",98.7 98.7 98.7
Murang'a,"186,260","94,012 92,248",,"183,802 92,697 91,105",98.7 98.6 98.8
Kiambu,"374,853","186,857 187,996",,"370,028 184,328 185,700",98.7 98.6 98.8
Turkana,"229,715","118,683 111,032",,"85,183 42,658 42,525",37.1 35.9 38.3
West Pokot,"163,686","81,658 82,028",,"121,079 59,996 61,083",74.0 73.5 74.5
Samburu,"80,648","41,076 39,572",,"43,671 22,069 21,602",54.2 53.7 54.6
Trans Nzoia,"233,999","117,238 116,761",,"226,118 112,925 113,193",96.6 96.3 96.9
Uasin Gishu,"230,454","115,360 115,094",,"226,308 113,175 113,133",98.2 98.1 98.3
Elgeyo-Marakwet,"104,259","52,510 51,749",,"101,367 50,988 50,379",97.2 97.1 97.4
Nandi,"195,300","98,438 96,862",,"191,216 96,250 94,966",97.9 97.8 98.0
Baringo,"160,851","82,396 78,455",,"126,210 64,078 62,132",78.5 77.8 79.2
Laikipia,"103,656","52,598 51,058",,"93,783 47,465 46,318",90.5 90.2 90.7
Nakuru,"433,642","218,394 215,248",,"425,078 213,772 211,306",98.0 97.9 98.2
Narok,"304,562","154,153 150,409",,"269,685 136,205 133,480",88.5 88.4 88.7
Kajiado,"219,094","109,302 109,792",,"198,425 98,692 99,733",90.6 90.3 90.8
Kericho,"196,628","98,978 97,650",,"192,898 97,036 95,862",98.1 98.0 98.2
Bomet,"204,102","102,933 101,169",,"200,753 101,115 99,638",98.4 98.2 98.5
Kakamega,"452,999","225,202 227,797",,"440,303 218,361 221,942",97.2 97.0 97.4
Vihiga,"134,497","66,707 67,790",,"132,034 65,353 66,681",98.2 98.0 98.4
Bungoma,"418,769","208,702 210,067",,"403,054 200,277 202,777",96.2 96.0 96.5
Busia,"215,071","106,237 108,834",,"208,487 102,720 105,767",96.9 96.7 97.2
Siaya,"233,921","116,888 117,033",,"229,443 114,475 114,968",98.1 97.9 98.2
Kisumu,"251,947","125,448 126,499",,"247,756 123,250 124,506",98.3 98.2 98.4
Homabay,"280,304","139,864 140,440",,"273,723 136,446 137,277",97.7 97.6 97.7
Migori,"282,122","140,320 141,802",,"271,473 134,901 136,572",96.2 96.1 96.3
Kisii,"298,895","149,838 149,057",,"292,327 146,406 145,921",97.8 97.7 97.9
Nyamira,"140,105","70,514 69,591",,"137,037 68,943 68,094",97.8 97.8 97.8
Nairobi City,"647,031","318,720 328,311",,"628,666 309,542 319,124",97.2 97.1 97.2
National/,Population Age 16-18 Years,Completion Rate,,Gender Parity
Residence/County,Total Male Female,Total Male,Female,Index
KENYA,"3 ,098,406   1,579,384   1,518,942",17.5 17.6,17.4,0.99
Rural,"2 ,324,880   1,214,203   1,110,623",18.0 17.8,18.1,1.02
Urban,"7 73,526 365,181 408,319",16.1 16.6,15.5,0.93
Mombasa,"5 7,124 26,840 30,283",24.7 24.6,24.7,1.01
Kwale,"5 7,049 29,327 27,721",19.2 17.8,20.5,1.15
Kilifi,"1 00,703 50,993 49,710",21.3 19.8,22.7,1.15
Tana River,"1 9,165 9,943 9,222",14.4 14.3,14.5,1.02
Lamu,"8 ,949 4,692 4,257",23.1 22.1,24.3,1.10
Taita-Taveta,"2 0,877 10,828 10,049",26.6 27.9,25.2,0.90
Garissa,"7 1,462 42,813 28,646",4.4 4.5,4.3,0.97
Wajir,"6 2,577 36,256 26,318",4.9 5.0,4.7,0.94
Mandera,"7 0,302 38,108 32,189",5.6 5.9,5.3,0.89
Marsabit,"3 3,948 19,107 14,840",8.0 7.3,8.8,1.19
Isiolo,"1 9,055 10,405 8,650",12.4 11.4,13.6,1.20
Meru,"9 6,491 47,730 48,759",19.5 19.9,19.1,0.96
Tharaka-Nithi,"2 5,470 12,923 12,546",19.4 20.4,18.4,0.90
Embu,"3 8,010 19,512 18,498",21.0 22.1,19.8,0.90
Kitui,"9 0,487 46,347 44,138",24.5 24.1,25.0,1.03
Machakos,"8 7,273 44,692 42,580",21.3 22.5,20.1,0.89
Makueni,"7 3,631 38,197 35,431",23.2 23.9,22.4,0.93
Nyandarua,"4 5,867 23,888 21,977",18.8 21.0,16.3,0.77
Nyeri,"4 4,001 22,776 21,224",14.7 17.0,12.3,0.72
Kirinyaga,"3 4,952 17,908 17,044",17.3 18.6,15.9,0.86
Murang'a,"6 3,953 33,568 30,382",18.3 20.0,16.4,0.82
Kiambu,"1 22,414 59,126 63,287",13.6 15.4,11.9,0.77
Turkana,"6 9,582 39,199 30,381",6.4 6.1,6.9,1.12
West Pokot,"3 8,677 19,770 18,907",13.6 13.2,14.1,1.06
Samburu,"2 0,608 11,439 9,169",9.8 9.2,10.5,1.14
Trans Nzoia,"7 3,214 37,440 35,774",19.7 19.5,20.0,1.03
Uasin Gishu,"7 6,575 38,029 38,546",19.2 19.9,18.4,0.92
Elgeyo-Marakwet,"3 1,742 16,150 15,591",21.6 21.5,21.8,1.01
Nandi,"6 3,722 32,453 31,269",22.5 21.8,23.1,1.06
Baringo,"4 6,802 24,414 22,386",13.9 14.3,13.5,0.94
Laikipia,"3 3,579 17,454 16,124",19.1 20.9,17.2,0.83
Nakuru,"1 36,310 69,085 67,220",19.3 20.6,18.1,0.88
Narok,"7 0,373 37,075 33,296",16.3 15.9,16.8,1.06
Kajiado,"5 7,222 28,100 29,121",17.6 18.1,17.2,0.95
Kericho,"6 1,480 31,173 30,302",18.4 18.8,18.1,0.96
Bomet,"6 2,300 31,815 30,485",18.0 17.5,18.4,1.05
Kakamega,"1 41,619 71,594 70,024",20.1 19.4,20.8,1.08
Vihiga,"4 4,615 22,619 21,995",21.0 20.6,21.3,1.03
Bungoma,"1 25,447 63,412 62,029",18.4 17.9,19.0,1.06
Busia,"6 9,643 34,901 34,739",19.9 18.9,20.9,1.11
Siaya,"6 8,941 34,884 34,057",22.0 21.5,22.5,1.05
Kisumu,"7 8,243 38,597 39,645",20.3 20.4,20.2,0.99
Homabay,"7 9,129 40,318 38,810",19.6 19.4,19.8,1.02
Migori,"7 6,489 38,195 38,291",18.7 18.2,19.1,1.05
Kisii,"8 8,195 44,352 43,840",16.5 16.8,16.1,0.96
Nyamira,"4 1,535 20,864 20,671",15.3 16.1,14.5,0.90
Nairobi City,"1 98,604 90,073 108,519",14.8 15.5,14.3,0.92
National/Residence/,Use of Mobile Phones,Use of Internet,,Use of Desktop Computers/Laptops/Tablets
County,Total Male Female,Total Male,Female,Total Male Female
KENYA,19.7 19.9 19.4,4 .0 4 .3,3 .7,4 .0 4 .1 3 .8
Rural,16.3 16.7 16.0,2 .0 2 .2,1 .7,2 .1 2 .1 2 .0
Urban,30.0 30.4 29.7,1 0.3 1 1.0,9 .6,1 0.0 1 0.6 9 .5
Mombasa,26.2 26.8 25.7,9 .8 1 0.4,9 .2,7 .4 7 .8 7 .1
Kwale,17.0 17.7 16.2,1 .9 2 .2,1 .6,2 .0 2 .1 1 .9
Kilifi,18.5 19.4 17.5,2 .4 2 .9,2 .0,3 .4 3 .4 3 .3
Tana River,13.5 14.1 12.8,1 .6 1 .9,1 .2,1 .5 1 .5 1 .4
Lamu,16.0 16.0 16.0,2 .5 2 .6,2 .3,1 .8 1 .8 1 .9
Taita-Taveta,23.8 24.2 23.4,3 .2 3 .6,2 .8,4 .3 4 .2 4 .4
Garissa,17.1 17.7 16.5,6 .9 7 .2,6 .4,2 .3 2 .4 2 .2
Wajir,12.7 13.1 12.2,3 .9 4 .1,3 .7,1 .5 1 .5 1 .5
Mandera,12.2 12.6 11.8,3 .6 3 .8,3 .5,1 .6 1 .5 1 .7
Marsabit,7.9 8.2 7.6,1 .7 2 .0,1 .4,0 .8 0 .9 0 .8
Isiolo,11.5 12.0 11.1,2 .5 2 .9,2 .2,1 .7 1 .7 1 .6
Meru,21.5 22.1 20.9,3 .2 3 .6,2 .8,2 .6 2 .8 2 .5
Tharaka-Nithi,25.6 25.9 25.3,2 .9 3 .1,2 .6,3 .2 3 .4 3 .1
Embu,25.0 25.4 24.5,3 .5 3 .9,3 .0,4 .1 4 .3 3 .9
Kitui,16.8 17.1 16.4,1 .9 2 .1,1 .6,1 .3 1 .3 1 .3
Machakos,20.8 21.0 20.7,4 .8 5 .0,4 .6,4 .8 4 .9 4 .7
Makueni,17.1 17.2 16.9,1 .7 1 .9,1 .5,2 .1 2 .2 2 .1
Nyandarua,28.5 28.5 28.5,2 .4 2 .6,2 .3,3 .8 3 .8 3 .7
Nyeri,35.5 35.5 35.6,5 .7 6 .2,5 .3,7 .7 7 .9 7 .5
Kirinyaga,31.4 32.0 30.8,4 .0 4 .4,3 .5,4 .3 4 .7 4 .0
Murang'a,26.5 26.8 26.3,3 .1 3 .3,2 .9,4 .1 4 .2 4 .0
Kiambu,33.6 33.7 33.5,1 0.1 1 0.5,9 .7,1 1.4 1 1.8 1 1.1
Turkana,8.3 9.1 7.6,2 .3 2 .8,1 .8,1 .0 1 .1 0 .9
West Pokot,7.9 8.3 7.5,1 .5 1 .7,1 .3,0 .9 0 .9 0 .8
Samburu,10.5 10.7 10.3,2 .0 2 .3,1 .7,1 .5 1 .6 1 .3
Trans Nzoia,14.0 14.3 13.6,2 .1 2 .4,1 .8,2 .0 2 .1 1 .9
Uasin Gishu,19.5 19.7 19.2,4 .1 4 .5,3 .7,5 .3 5 .4 5 .2
Elgeyo-Marakwet,13.2 13.4 12.9,1 .7 1 .9,1 .5,1 .7 1 .8 1 .6
Nandi,13.5 13.9 13.1,2 .0 2 .3,1 .7,2 .4 2 .5 2 .3
Baringo,13.9 14.1 13.7,2 .2 2 .4,1 .9,1 .9 2 .0 1 .8
Laikipia,22.0 22.1 21.8,3 .5 3 .7,3 .2,4 .3 4 .5 4 .1
Nakuru,21.4 21.6 21.2,3 .9 4 .2,3 .6,4 .4 4 .5 4 .2
Narok,10.0 10.5 9.4,1 .6 1 .9,1 .3,1 .4 1 .5 1 .4
Kajiado,21.8 22.3 21.2,7 .9 8 .4,7 .3,8 .1 8 .3 7 .8
Kericho,13.5 13.8 13.1,2 .3 2 .5,2 .0,2 .8 2 .9 2 .7
Bomet,13.4 13.6 13.1,1 .8 2 .1,1 .6,1 .8 2 .0 1 .7
Kakamega,15.4 15.5 15.2,1 .9 2 .1,1 .7,2 .1 2 .2 2 .0
Vihiga,14.4 14.6 14.1,1 .6 1 .8,1 .3,2 .7 2 .7 2 .7
Bungoma,13.4 13.6 13.3,1 .8 2 .0,1 .6,1 .7 1 .8 1 .7
Busia,14.9 15.1 14.7,1 .8 2 .0,1 .6,2 .0 2 .1 1 .9
Siaya,19.1 19.3 18.8,1 .9 2 .1,1 .7,2 .1 2 .1 2 .1
Kisumu,22.0 22.3 21.8,3 .5 3 .9,3 .2,3 .7 3 .9 3 .5
Homabay,19.5 19.8 19.3,2 .2 2 .5,1 .9,1 .9 2 .0 1 .7
Migori,16.5 16.7 16.3,2 .0 2 .2,1 .7,1 .6 1 .7 1 .5
Kisii,17.1 17.5 16.7,2 .0 2 .3,1 .8,2 .7 2 .9 2 .5
Nyamira,17.7 18.1 17.3,2 .4 2 .6,2 .2,2 .7 2 .8 2 .5
Nairobi City,37.3 37.7 37.0,1 6.1 1 6.9,1 5.2,1 4.6 1 5.5 1 3.7
National/,,Population (14-17),Total Enrolment Age 14-17,Total Net Enrolment Rate (Total NER)
Residence/County,Total,Male Female,Total Male Female,Total Male Female
KENYA,"4,557,004","2,324,744  2,232,260","3,907,557  1,971,793  1,935,764",85.7 84.8 86.7
Rural,"3,488,884","1,810,956  1,677,928","2,959,681  1,514,008  1,445,673",84.8 83.6 86.2
Urban,"1,068,120","513,788 554,332","947,876 457,785 490,091",88.7 89.1 88.4
Mombasa,"77,666","37,270 40,396","69,707 34,245 35,462",89.8 91.9 87.8
Kwale,"83,493","42,681 40,812","70,847 36,490 34,357",84.9 85.5 84.2
Kilifi,"144,989","72,998 71,991","133,298 67,581 65,717",91.9 92.6 91.3
Tana River,"29,085","14,988 14,097","18,520 9,640 8,880",63.7 64.3 63.0
Lamu,"12,717","6,600 6,117","10,899 5,671 5,228",85.7 85.9 85.5
Taita-Taveta,"29,651","15,194 14,457","26,799 13,687 13,112",90.4 90.1 90.7
Garissa,"101,553","61,938 39,615","28,391 17,383 11,008",28.0 28.1 27.8
Wajir,"91,441","53,642 37,799","28,069 16,747 11,322",30.7 31.2 30.0
Mandera,"99,511","55,222 44,289","34,165 19,842 14,323",34.3 35.9 32.3
Marsabit,"50,130","28,222 21,908","22,202 11,495 10,707",44.3 40.7 48.9
Isiolo,"28,189","15,458 12,731","16,419 8,278 8,141",58.2 53.6 63.9
Meru,"142,360","70,973 71,387","124,103 60,514 63,589",87.2 85.3 89.1
Tharaka-Nithi,"36,992","18,649 18,343","34,253 17,162 17,091",92.6 92.0 93.2
Embu,"53,986","27,509 26,477","50,067 25,205 24,862",92.7 91.6 93.9
Kitui,"135,288","68,813 66,475","125,337 63,481 61,856",92.6 92.3 93.1
Machakos,"126,551","64,553 61,998","118,353 60,071 58,282",93.5 93.1 94.0
Makueni,"107,809","55,288 52,521","102,477 52,234 50,243",95.1 94.5 95.7
Nyandarua,"67,093","34,814 32,279","63,532 32,520 31,012",94.7 93.4 96.1
Nyeri,"60,937","31,369 29,568","58,736 30,136 28,600",96.4 96.1 96.7
Kirinyaga,"49,306","24,837 24,469","46,611 23,441 23,170",94.5 94.4 94.7
Murang'a,"91,755","47,608 44,147","86,351 44,430 41,921",94.1 93.3 95.0
Kiambu,"169,382","83,305 86,077","159,689 78,514 81,175",94.3 94.2 94.3
Turkana,"101,220","56,817 44,403","36,490 19,417 17,073",36.1 34.2 38.5
West Pokot,"60,900","31,482 29,418","46,855 23,869 22,986",76.9 75.8 78.1
Samburu,"31,397","17,241 14,156","16,886 8,905 7,981",53.8 51.7 56.4
Trans Nzoia,"110,206","55,920 54,286","102,425 51,956 50,469",92.9 92.9 93.0
Uasin Gishu,"110,651","55,099 55,552","105,023 52,342 52,681",94.9 95.0 94.8
Elgeyo-Marakwet,"48,447","24,591 23,856","45,354 22,881 22,473",93.6 93.0 94.2
Nandi,"94,377","47,863 46,514","89,936 45,623 44,313",95.3 95.3 95.3
Baringo,"71,636","37,502 34,134","56,186 28,785 27,401",78.4 76.8 80.3
Laikipia,"48,772","25,293 23,479","42,850 21,926 20,924",87.9 86.7 89.1
Nakuru,"201,235","101,902 99,333","188,060 94,789 93,271",93.5 93.0 93.9
Narok,"112,528","58,238 54,290","96,639 49,354 47,285",85.9 84.7 87.1
Kajiado,"84,825","42,072 42,753","73,819 36,415 37,404",87.0 86.6 87.5
Kericho,"93,470","47,164 46,306","88,029 44,527 43,502",94.2 94.4 93.9
Bomet,"97,073","49,258 47,815","91,699 46,666 45,033",94.5 94.7 94.2
Kakamega,"211,668","105,478 106,190","197,750 98,371 99,379",93.4 93.3 93.6
Vihiga,"64,940","32,702 32,238","61,534 30,812 30,722",94.8 94.2 95.3
Bungoma,"193,065","96,948 96,117","178,968 90,052 88,916",92.7 92.9 92.5
Busia,"102,592","50,986 51,606","94,462 47,063 47,399",92.1 92.3 91.8
Siaya,"104,596","52,960 51,636","98,472 49,918 48,554",94.1 94.3 94.0
Kisumu,"115,506","56,969 58,537","109,214 53,996 55,218",94.6 94.8 94.3
Homabay,"123,398","62,221 61,177","116,159 59,096 57,063",94.1 95.0 93.3
Migori,"118,808","59,510 59,298","108,682 55,063 53,619",91.5 92.5 90.4
Kisii,"133,383","66,880 66,503","124,850 62,982 61,868",93.6 94.2 93.0
Nyamira,"64,054","32,320 31,734","60,165 30,498 29,667",93.9 94.4 93.5
Nairobi City,"268,373","125,397 142,976","248,225 117,720 130,505",92.5 93.9 91.3
National/,Population Age 20-22 Years,Completion Rate,,Gender Parity
Residence/County,Total Male Female,Total Male,Female,Index
KENYA,"2,694,942  1,282,791  1,412,038",31.3 31.3,31.2,1.00
Rural,"1,702,994 846,136 856,798",25.1 25.0,25.2,1.01
Urban,"991,948 436,655 555,240",42.0 43.6,40.6,0.93
Mombasa,"77,715 34,816 42,897",37.1 39.5,35.1,0.89
Kwale,"44,508 20,403 24,104",17.0 17.8,16.2,0.91
Kilifi,"83,374 39,496 43,875",20.5 21.2,19.9,0.94
Tana River,"17,211 8,070 9,141",16.4 20.4,12.8,0.63
Lamu,"7,867 4,131 3,736",27.1 31.7,22.0,0.69
Taita-Taveta,"17,410 8,824 8,586",37.2 36.6,37.8,1.03
Garissa,"60,343 32,871 27,465",5.4 6.2,4.5,0.73
Wajir,"46,226 23,866 22,354",4.7 5.7,3.6,0.63
Mandera,"51,296 25,426 25,868",5.8 7.2,4.5,0.63
Marsabit,"27,706 14,619 13,087",11.1 11.8,10.3,0.87
Isiolo,"16,187 8,133 8,054",18.8 19.3,18.3,0.95
Meru,"81,445 39,715 41,727",28.7 27.1,30.2,1.11
Tharaka-Nithi,"19,224 9,392 9,830",31.2 29.9,32.4,1.08
Embu,"32,058 16,149 15,907",36.1 33.6,38.6,1.15
Kitui,"56,698 28,045 28,652",26.8 24.9,28.6,1.15
Machakos,"76,783 38,376 38,404",39.2 37.4,41.0,1.09
Makueni,"49,301 25,760 23,541",34.7 32.3,37.4,1.16
Nyandarua,"30,159 15,420 14,738",42.8 40.6,45.0,1.11
Nyeri,"35,964 18,155 17,809",47.8 46.9,48.8,1.04
Kirinyaga,"27,723 13,737 13,982",43.7 43.5,44.0,1.01
Murang'a,"46,289 23,667 22,621",42.6 41.1,44.2,1.07
Kiambu,"150,456 67,931 82,515",47.5 48.9,46.3,0.95
Turkana,"62,692 33,987 28,702",7.3 7.8,6.8,0.88
West Pokot,"33,964 15,783 18,181",14.1 15.5,12.8,0.83
Samburu,"19,003 9,312 9,689",14.2 16.9,11.6,0.68
Trans Nzoia,"52,802 25,608 27,191",28.3 27.6,29.0,1.05
Uasin Gishu,"74,766 35,842 38,922",38.0 37.7,38.3,1.02
Elgeyo-Marakwet,"26,832 13,569 13,263",31.8 31.5,32.1,1.02
Nandi,"49,848 24,612 25,236",29.1 28.3,29.8,1.05
Baringo,"39,063 19,325 19,738",27.2 27.2,27.1,0.99
Laikipia,"26,631 12,817 13,814",37.3 37.5,37.1,0.99
Nakuru,"126,500 61,835 64,655",42.3 44.0,40.6,0.92
Narok,"63,422 29,390 34,030",19.3 20.2,18.5,0.91
Kajiado,"68,162 30,727 37,433",35.7 36.6,34.9,0.96
Kericho,"51,822 24,821 26,999",29.4 29.7,29.1,0.98
Bomet,"49,892 23,691 26,201",28.5 28.9,28.1,0.97
Kakamega,"95,745 45,997 49,745",27.0 25.6,28.4,1.11
Vihiga,"27,714 13,702 14,011",32.1 30.5,33.7,1.10
Bungoma,"86,744 41,311 45,433",25.8 25.0,26.5,1.06
Busia,"48,694 22,947 25,746",24.0 24.0,23.9,0.99
Siaya,"49,783 23,220 26,558",28.1 28.0,28.3,1.01
Kisumu,"68,187 30,834 37,351",33.3 34.7,32.2,0.93
Homabay,"59,596 27,006 32,586",27.7 29.4,26.3,0.89
Migori,"62,736 27,830 34,905",25.7 27.2,24.4,0.90
Kisii,"62,569 28,302 34,265",33.7 34.4,33.1,0.96
Nyamira,"27,182 12,519 14,663",33.3 33.1,33.4,1.01
Nairobi City,"304,650 130,802 173,828",46.1 48.7,44.1,0.91
National/,Use of Mobile Phones,Use of Internet,Use of Desktop Computers/Laptops/Tablets
Residence/County,Total Male Female,Total Male Female,Total Male Female
KENYA,48.9 53.3 44.3,24.0 28.8 19.0,12.0 13.3 10.7
Rural,43.6 48.5 38.6,16.8 21.6 11.9,7.3 8.2 6.2
Urban,61.5 65.4 57.7,41.1 47.1 35.5,23.5 26.1 20.9
Mombasa,58.9 63.7 53.9,41.0 46.9 35.1,20.8 22.9 18.7
Kwale,48.6 54.7 41.8,19.2 24.5 13.2,8.6 9.5 7.5
Kilifi,49.3 56.2 41.5,19.7 25.6 13.1,10.7 12.0 9.1
Tana River,45.6 51.9 36.8,19.7 25.9 11.0,7.0 8.0 5.6
Lamu,47.9 52.8 42.1,22.2 27.3 16.2,8.4 8.6 8.1
Taita-Taveta,53.6 59.2 48.1,23.4 29.9 17.0,13.7 15.0 12.5
Garissa,51.6 53.1 48.9,31.5 32.6 29.5,8.1 8.3 7.8
Wajir,47.1 48.5 44.8,24.6 25.5 23.2,6.6 6.8 6.2
Mandera,41.2 42.8 38.5,20.6 21.9 18.4,4.9 5.2 4.3
Marsabit,41.3 45.2 36.3,21.1 23.8 17.5,6.0 6.6 5.1
Isiolo,42.9 47.3 37.8,23.9 27.4 19.8,8.0 8.8 7.0
Meru,57.5 62.9 52.7,29.9 37.1 23.4,11.6 13.7 9.8
Tharaka-Nithi,58.6 63.5 53.8,23.7 28.7 18.8,9.8 10.8 8.7
Embu,55.7 60.8 50.9,24.3 30.0 18.9,11.0 12.4 9.7
Kitui,44.3 50.3 38.6,13.6 17.7 9.7,4.9 5.5 4.3
Machakos,49.1 53.8 44.5,24.2 28.5 19.9,12.3 13.5 11.1
Makueni,41.9 48.0 35.9,13.0 17.1 8.9,5.6 6.4 4.7
Nyandarua,54.8 59.6 49.8,19.5 25.3 13.7,8.4 9.3 7.5
Nyeri,64.3 68.5 59.8,33.1 39.7 26.2,17.3 19.0 15.6
Kirinyaga,62.1 66.8 57.2,29.2 35.9 22.3,13.3 14.7 11.9
Murang'a,56.4 60.7 51.9,23.1 28.2 17.7,10.3 11.3 9.3
Kiambu,61.4 64.7 58.3,38.3 43.2 33.6,22.1 24.3 20.0
Turkana,39.7 42.9 34.6,21.1 24.8 15.5,5.9 6.5 5.0
West Pokot,32.8 37.9 27.0,13.2 17.1 8.7,4.1 4.7 3.4
Samburu,45.5 48.9 40.8,22.3 25.7 17.3,8.8 9.1 8.5
Trans Nzoia,39.4 44.3 34.6,17.1 22.1 12.2,8.0 9.3 6.7
Uasin Gishu,47.4 52.5 42.6,24.8 30.6 19.3,13.4 15.2 11.6
Elgeyo-Marakwet,34.6 39.2 30.0,12.7 16.7 8.9,5.2 5.9 4.5
Nandi,40.0 46.3 33.9,16.7 22.1 11.3,7.0 7.8 6.2
Baringo,37.7 42.5 32.7,16.3 20.5 11.9,7.1 7.8 6.3
Laikipia,51.3 55.8 46.6,23.7 28.8 18.3,11.6 12.6 10.6
Nakuru,51.2 56.2 46.0,26.5 32.7 20.0,13.5 15.7 11.2
Narok,37.5 43.6 30.5,15.9 20.6 10.6,5.7 6.3 5.0
Kajiado,58.0 61.9 54.2,37.4 41.5 33.3,20.1 21.2 19.0
Kericho,36.3 41.1 31.4,16.6 21.6 11.6,8.5 9.7 7.2
Bomet,34.2 38.4 29.9,13.5 18.0 8.9,5.6 6.6 4.7
Kakamega,40.8 46.1 35.8,14.9 19.8 10.4,7.2 8.6 5.9
Vihiga,41.2 46.9 36.0,14.5 19.5 9.9,8.2 9.6 6.9
Bungoma,36.6 40.7 32.7,13.6 17.1 10.2,6.3 7.1 5.6
Busia,39.6 44.7 34.5,14.4 19.0 9.9,7.0 8.4 5.7
Siaya,50.0 54.2 45.9,18.3 23.3 13.4,8.8 10.0 7.6
Kisumu,52.7 57.1 48.4,24.8 30.2 19.6,13.7 15.5 11.9
Homabay,48.2 52.0 44.2,18.4 23.0 13.4,8.1 9.5 6.6
Migori,44.7 49.0 39.9,18.2 23.0 13.0,7.7 8.9 6.5
Kisii,39.4 43.4 35.3,16.0 20.7 11.3,9.1 10.4 7.8
Nyamira,37.8 41.7 33.8,15.0 19.7 10.4,8.6 10.0 7.3
Nairobi City,68.9 72.4 65.6,51.2 57.4 45.5,31.4 34.9 28.1
Residence/County,Total,Male,Female
KENYA,"19,227","9,777","9,450"
Rural,"15,283","7,950","7,333"
Urban,"3,944","1,827","2,117"
Mombasa,533,256,277
Kwale,375,193,182
Kilifi,875,441,434
Tana River,181,102,79
Lamu,46,25,21
Taita-Taveta,82,36,46
Garissa,691,410,281
Wajir,498,293,205
Mandera,583,310,273
Marsabit,180,100,80
Isiolo,91,46,45
Meru,704,363,341
Tharaka-Nithi,213,111,102
Embu,199,98,101
Kitui,532,288,244
Machakos,468,236,232
Makueni,269,126,143
Nyandarua,107,37,70
Nyeri,116,42,74
Kirinyaga,149,64,85
Murang'a,184,83,101
Kiambu,388,143,245
Turkana,896,465,431
West Pokot,538,284,254
Samburu,159,90,69
Trans Nzoia,464,245,219
Uasin Gishu,366,192,174
Elgeyo-Marakwet,226,129,97
Nandi,530,297,233
Baringo,336,181,155
Laikipia,173,73,100
Nakuru,439,192,247
Narok,662,354,308
Kajiado,456,209,247
Kericho,261,134,127
Bomet,203,108,95
Kakamega,883,482,401
Vihiga,259,129,130
Bungoma,814,424,390
Busia,443,248,195
Siaya,245,126,119
Kisumu,354,188,166
Homabay,441,208,233
Migori,515,270,245
Kisii,645,316,329
Nyamira,345,154,191
Nairobi City,"1,110",476,634
Residence/,Enrolment of Persons Living with Disabilities
County,Total Male Female
KENYA,"17,575 10,078 7,497"
Rural,"13,698 7,807 5,891"
Urban,"3,877 2,271 1,606"
Mombasa,372 209 163
Kwale,430 223 207
Kilifi,668 366 302
Tana River,127 77 50
Lamu,58 33 25
Taita-Taveta,105 61 44
Garissa,35 17 18
Wajir,26 12 14
Mandera,62 32 30
Marsabit,53 26 27
Isiolo,46 25 21
Meru,658 373 285
Tharaka-Nithi,163 107 56
Embu,242 127 115
Kitui,347 215 132
Machakos,421 245 176
Makueni,389 229 160
Nyandarua,204 127 77
Nyeri,171 87 84
Kirinyaga,181 101 80
Murang'a,250 137 113
Kiambu,650 390 260
Turkana,128 66 62
West Pokot,178 96 82
Samburu,82 45 37
Trans Nzoia,515 292 223
Uasin Gishu,351 220 131
Elgeyo-Marakwet,101 56 45
Nandi,319 173 146
Baringo,140 66 74
Laikipia,118 68 50
Nakuru,553 325 228
Narok,247 142 105
Kajiado,237 120 117
Kericho,137 71 66
Bomet,179 114 65
Kakamega,"1,113 643 470"
Vihiga,294 166 128
Bungoma,844 478 366
Busia,499 279 220
Siaya,771 454 317
Kisumu,887 525 362
Homabay,"1,342 772 570"
Migori,"1,018 585 433"
Kisii,630 368 262
Nyamira,230 138 92
Nairobi City,"1,004 597 407"
Residence/,Primary School Enrolment,Number with Disability,Percentage Enrolled
County,Total Male Female,Total Male Female,Total Male Female
KENYA,"10,064,301  5,109,583  4,954,718","84,131   46,295   37,836",0.8 0.9 0.8
Rural,"7,628,577  3,903,472  3,725,105","67,645   37,447   30,198",0.9 1.0 0.8
Urban,"2,435,724  1,206,111  1,229,613","16,486 8,848 7,638",0.7 0.7 0.6
Mombasa,"200,140 99,370 100,770","1,368 720 648",0.7 0.7 0.6
Kwale,"208,512 106,403 102,109","1,207 678 529",0.6 0.6 0.5
Kilifi,"375,381 190,072 185,309","2,157 1,211 946",0.6 0.6 0.5
Tana River,"55,350 28,122 27,228",359 201 158,0.6 0.7 0.6
Lamu,"30,722 15,673 15,049",183 105 78,0.6 0.7 0.5
Taita-Taveta,"67,949 34,844 33,105",531 304 227,0.8 0.9 0.7
Garissa,"71,860 40,904 30,956",278 178 100,0.4 0.4 0.3
Wajir,"78,332 43,435 34,897",263 156 107,0.3 0.4 0.3
Mandera,"104,585 54,796 49,789",506 268 238,0.5 0.5 0.5
Marsabit,"67,252 33,750 33,502",186 98 88,0.3 0.3 0.3
Isiolo,"46,912 23,574 23,338",213 111 102,0.5 0.5 0.4
Meru,"325,152 164,063 161,089","3,474 1,869 1,605",1.1 1.1 1.0
Tharaka-Nithi,"82,218 41,758 40,460",922 508 414,1.1 1.2 1.0
Embu,"115,309 59,469 55,840","1,622 840 782",1.4 1.4 1.4
Kitui,"306,741 157,231 149,510","2,097 1,171 926",0.7 0.7 0.6
Machakos,"288,438 148,819 139,619","2,099 1,209 890",0.7 0.8 0.6
Makueni,"235,336 121,682 113,654","2,744 1,504 1,240",1.2 1.2 1.1
Nyandarua,"136,536 70,571 65,965","1,079 606 473",0.8 0.9 0.7
Nyeri,"128,194 65,840 62,354",908 491 417,0.7 0.7 0.7
Kirinyaga,"101,750 51,884 49,866",927 479 448,0.9 0.9 0.9
Murang'a,"200,338 102,710 97,628","1,506 809 697",0.8 0.8 0.7
Kiambu,"381,821 191,583 190,238","2,675 1,430 1,245",0.7 0.7 0.7
Turkana,"107,499 55,855 51,644",545 322 223,0.5 0.6 0.4
West Pokot,"139,839 70,158 69,681",650 351 299,0.5 0.5 0.4
Samburu,"48,747 25,166 23,581",300 180 120,0.6 0.7 0.5
Trans Nzoia,"259,391 132,286 127,105","2,521 1,407 1,114",1.0 1.1 0.9
Uasin Gishu,"254,218 129,207 125,011","1,563 884 679",0.6 0.7 0.5
Elgeyo-Marakwet,"117,334 59,624 57,710",482 279 203,0.4 0.5 0.4
Nandi,"225,572 116,107 109,465","1,504 810 694",0.7 0.7 0.6
Baringo,"145,491 74,913 70,578",765 431 334,0.5 0.6 0.5
Laikipia,"102,334 52,450 49,884",582 324 258,0.6 0.6 0.5
Nakuru,"465,970 237,518 228,452","3,058 1,676 1,382",0.7 0.7 0.6
Narok,"292,821 149,508 143,313","1,096 629 467",0.4 0.4 0.3
Kajiado,"210,147 105,347 104,800",988 530 458,0.5 0.5 0.4
Kericho,"222,193 113,669 108,524",840 488 352,0.4 0.4 0.3
Bomet,"235,193 120,290 114,903","1,024 575 449",0.4 0.5 0.4
Kakamega,"516,466 259,723 256,743","5,896 3,275 2,621",1.1 1.3 1.0
Vihiga,"155,963 78,777 77,186","1,605 890 715",1.0 1.1 0.9
Bungoma,"462,303 234,826 227,477","4,394 2,469 1,925",1.0 1.1 0.8
Busia,"243,907 121,584 122,323","2,591 1,396 1,195",1.1 1.1 1.0
Siaya,"261,331 132,130 129,201","3,731 2,061 1,670",1.4 1.6 1.3
Kisumu,"278,669 139,752 138,917","4,470 2,447 2,023",1.6 1.8 1.5
Homabay,"301,323 151,431 149,892","5,552 3,040 2,512",1.8 2.0 1.7
Migori,"302,425 151,510 150,915","4,410 2,392 2,018",1.5 1.6 1.3
Kisii,"309,637 156,763 152,874","2,936 1,621 1,315",0.9 1.0 0.9
Nyamira,"144,916 73,981 70,935","1,268 693 575",0.9 0.9 0.8
Nairobi City,"651,784 320,455 331,329","4,056 2,179 1,877",0.6 0.7 0.6
Residence/,Primary School Enrolment,Number with Disability,Percentage Enrolled
County,Total Male Female,Total Male Female,Total Male Female
KENYA,"3,470,895  1,746,881  1,724,014","27,982   13,287   14,695",0.8 0.8 0.9
Rural,"2,454,759  1,251,447  1,203,312","20,849   10,059   10,790",0.8 0.8 0.9
Urban,"1,016,136 495,434 520,702","7,133 3,228 3,905",0.7 0.7 0.7
Mombasa,"70,018 35,322 34,696",493 208 285,0.7 0.6 0.8
Kwale,"37,439 19,741 17,698",240 122 118,0.6 0.6 0.7
Kilifi,"84,679 44,545 40,134",499 250 249,0.6 0.6 0.6
Tana River,"12,560 7,369 5,191",78 37 41,0.6 0.5 0.8
Lamu,"7,716 4,157 3,559",66 28 38,0.9 0.7 1.1
Taita-Taveta,"23,264 11,483 11,781",139 63 76,0.6 0.5 0.6
Garissa,"28,540 18,468 10,072",149 103 46,0.5 0.6 0.5
Wajir,"26,201 16,410 9,791",89 63 26,0.3 0.4 0.3
Mandera,"31,212 19,107 12,105",127 73 54,0.4 0.4 0.4
Marsabit,"16,886 9,538 7,348",36 21 15,0.2 0.2 0.2
Isiolo,"13,072 7,040 6,032",65 35 30,0.5 0.5 0.5
Meru,"109,429 51,581 57,848","1,176 493 683",1.1 1.0 1.2
Tharaka-Nithi,"32,254 16,023 16,231",307 147 160,1.0 0.9 1.0
Embu,"47,739 23,207 24,532",605 247 358,1.3 1.1 1.5
Kitui,"92,015 45,257 46,758",575 272 303,0.6 0.6 0.6
Machakos,"108,967 53,884 55,083",686 324 362,0.6 0.6 0.7
Makueni,"90,940 44,982 45,958",879 379 500,1.0 0.8 1.1
Nyandarua,"62,184 31,187 30,997",456 209 247,0.7 0.7 0.8
Nyeri,"64,005 32,532 31,473",417 194 223,0.7 0.6 0.7
Kirinyaga,"46,691 23,691 23,000",355 163 192,0.8 0.7 0.8
Murang'a,"86,074 44,082 41,992",603 282 321,0.7 0.6 0.8
Kiambu,"171,109 83,048 88,061","1,242 580 662",0.7 0.7 0.8
Turkana,"30,573 18,496 12,077",126 73 53,0.4 0.4 0.4
West Pokot,"37,434 20,007 17,427",143 84 59,0.4 0.4 0.3
Samburu,"13,056 7,689 5,367",67 37 30,0.5 0.5 0.6
Trans Nzoia,"87,205 43,541 43,664",726 357 369,0.8 0.8 0.8
Uasin Gishu,"101,852 49,798 52,054",625 290 335,0.6 0.6 0.6
Elgeyo-Marakwet,"39,569 19,585 19,984",149 74 75,0.4 0.4 0.4
Nandi,"77,862 38,547 39,315",493 244 249,0.6 0.6 0.6
Baringo,"50,124 25,517 24,607",210 117 93,0.4 0.5 0.4
Laikipia,"39,649 20,287 19,362",207 93 114,0.5 0.5 0.6
Nakuru,"184,758 94,070 90,688","1,207 578 629",0.7 0.6 0.7
Narok,"67,741 36,292 31,449",241 116 125,0.4 0.3 0.4
Kajiado,"67,495 33,640 33,855",358 168 190,0.5 0.5 0.6
Kericho,"80,842 40,619 40,223",294 153 141,0.4 0.4 0.4
Bomet,"79,385 40,633 38,752",249 122 127,0.3 0.3 0.3
Kakamega,"152,094 73,205 78,889","1,576 710 866",1.0 1.0 1.1
Vihiga,"49,960 23,844 26,116",466 225 241,0.9 0.9 0.9
Bungoma,"149,659 73,339 76,320","1,396 652 744",0.9 0.9 1.0
Busia,"73,647 36,712 36,935",775 379 396,1.1 1.0 1.1
Siaya,"77,629 38,314 39,315","1,132 541 591",1.5 1.4 1.5
Kisumu,"98,768 48,596 50,172","1,519 718 801",1.5 1.5 1.6
Homabay,"98,865 51,094 47,771","1,848 951 897",1.9 1.9 1.9
Migori,"86,765 45,119 41,646","1,270 655 615",1.5 1.5 1.5
Kisii,"120,389 60,445 59,944","1,235 610 625",1.0 1.0 1.0
Nyamira,"59,074 29,406 29,668",519 213 306,0.9 0.7 1.0
Nairobi City,"283,506 135,432 148,074","1,869 834 1,035",0.7 0.6 0.7
"",,Number of Partial Orphans  Number of Partial Orphans
"(Mother Alive) Residence/Pre-Primary School Enrolment",Number of Orphans,(Father Alive)
County Total Male Female,Total Male Female,Total Male Female Total Male Female
"KENYA  3,277,603  1,672,081  1,605,522","11,306 5,743 5,563","30,680 16,168 14,512  164,555  84,396   80,159"
"Rural  2,354,122  1,205,707  1,148,415","9,185 4,687 4,498","23,611 12,583 11,028  132,494  68,305   64,189"
"Urban 923,481 466,374 457,107","2,121 1,056 1,065","7,069 3,585 3,484 32,061  16,091   15,970"
"Mombasa 85,275 42,929 42,346",126 73,"53 714 359 355 2,269 1,121 1,148"
"Kwale 82,852 42,554 40,298",177 97,"80 863 432 431 2,969 1,517 1,452"
"Kilifi 132,777 67,751 65,026",234 119,"115 1,247 643 604 4,680 2,485 2,195"
"Tana River 25,493 13,396 12,097",51 17,34 399 204 195 754 420 334
"Lamu 10,476 5,394 5,082",12 7,5 105 63 42 344 158 186
"Taita-Taveta 20,546 10,446 10,100",58 33,25 165 85 80 826 438 388
"Garissa 13,138 6,776 6,362",165 91,74 315 180 135 543 265 278
"Wajir 15,045 7,726 7,319",118 58,60 376 200 176 558 298 260
"Mandera 19,945 9,477 10,468",89 51,38 527 228 299 631 297 334
"Marsabit 20,087 10,018 10,069",119 53,"66 278 136 142 1,289 581 708"
"Isiolo 16,860 8,587 8,273",122 57,65 313 156 157 747 384 363
"Meru 96,558 49,483 47,075",241 110,"131 888 483 405 3,692 1,938 1,754"
"Tharaka-Nithi 22,600 11,594 11,006",50 25,25 221 118 103 876 442 434
"Embu 30,141 15,320 14,821",115 64,"51 214 113 101 1,706 866 840"
"Kitui 74,223 38,161 36,062",344 181,"163 586 305 281 4,644 2,422 2,222"
"Machakos 79,615 40,916 38,699",300 148,"152 584 302 282 4,871 2,489 2,382"
"Makueni 52,918 27,305 25,613",213 108,"105 397 240 157 3,263 1,674 1,589"
"Nyandarua 40,054 20,655 19,399",140 70,"70 268 151 117 2,618 1,372 1,246"
"Nyeri 40,250 20,630 19,620",133 65,"68 241 127 114 2,501 1,292 1,209"
"Kirinyaga 32,735 16,529 16,206",85 44,"41 248 133 115 1,507 756 751"
"Murang'a 55,029 27,904 27,125",211 110,"101 387 203 184 3,453 1,797 1,656"
"Kiambu 140,382 71,233 69,149",279 126,"153 820 417 403 5,735 2,862 2,873"
"Turkana 39,938 19,973 19,965",385 202,"183 578 285 293 2,834 1,406 1,428"
"West Pokot 50,586 25,696 24,890",49 22,"27 498 282 216 1,053 516 537"
"Samburu 21,877 11,380 10,497",76 24,"52 183 85 98 1,600 827 773"
"Trans Nzoia 78,131 39,853 38,278",248 138,"110 771 423 348 2,451 1,267 1,184"
"Uasin Gishu 81,540 42,055 39,485",181 92,"89 561 299 262 2,820 1,500 1,320"
"Elgeyo-Marakwet 38,437 19,767 18,670",61 31,30 330 159 171 848 428 420
"Nandi 67,337 34,576 32,761",137 75,"62 533 295 238 3,459 1,817 1,642"
"Baringo 46,628 24,303 22,325",84 37,"47 402 217 185 1,417 724 693"
"Laikipia 34,092 17,516 16,576",104 51,"53 246 131 115 1,913 984 929"
"Nakuru 153,418 78,792 74,626",519 276,"243 1,129 580 549 7,726 3,910 3,816"
"Narok 106,180 54,413 51,767",155 75,"80 716 398 318 5,173 2,726 2,447"
"Kajiado 82,955 42,134 40,821",123 65,"58 542 283 259 3,292 1,671 1,621"
"Kericho 62,475 32,042 30,433",133 64,"69 390 207 183 4,197 2,124 2,073"
"Bomet 64,252 33,357 30,895",143 73,"70 415 217 198 4,061 2,108 1,953"
"Kakamega 153,055 78,532 74,523",502 275,"227 1,751 929 822 5,085 2,678 2,407"
"Vihiga 42,487 21,636 20,851",182 77,"105 584 331 253 1,823 915 908"
"Bungoma 140,482 71,742 68,740",390 188,"202 1,431 752 679 4,134 2,108 2,026"
"Busia 75,349 38,096 37,253",266 139,"127 828 448 380 2,794 1,428 1,366"
"Siaya 85,965 43,870 42,095",653 359,"294 1,319 706 613 6,827 3,491 3,336"
"Kisumu 95,306 48,353 46,953",611 305,"306 1,153 622 531 7,712 3,916 3,796"
"Homabay 119,216 60,643 58,573",835 442,"393 1,640 863 777 11,657 6,042 5,615"
"Migori 115,926 58,682 57,244",757 379,"378 1,336 704 632 10,264 5,331 4,933"
"Kisii 104,443 53,090 51,353",625 304,"321 1,008 538 470 8,918 4,592 4,326"
"Nyamira 45,923 23,548 22,375",289 147,"142 411 221 190 4,105 2,093 2,012"
"Nairobi City 264,606 133,248 131,358",416 196,"220 1,769 915 854 7,916 3,920 3,996"
"",,,Number of Partial Orphans,Number of Partial Orphans
Residence/ Pre-Primary Enrolment,,Number of Orphans,(Father Alive),(Mother Alive)
County Total,Male Female,Total Male Female,Total Male Female,Total Male Female
"KENYA  10,064,301","5,109,583  4,954,718","137,438   69,568   67,870","205,535  107,503   98,032","851,727  435,973  415,754"
"Rural 7,629,766","3,904,077  3,725,689","107,523   55,415   52,108","159,436 84,440   74,996","679,646  352,113  327,533"
"Urban 2,434,535","1,205,506  1,229,029","29,915   14,153   15,762","46,099 23,063   23,036","172,081 83,860 88,221"
"Mombasa 200,140","99,370 100,770","2,445 1,163 1,282","3,988 1,948 2,040","12,499 6,104 6,395"
"Kwale 208,512","106,403 102,109","2,036 1,074 962","4,987 2,644 2,343","15,280 7,819 7,461"
"Kilifi 375,381","190,072 185,309","3,140 1,677 1,463","7,575 3,897 3,678","30,402 15,617 14,785"
"Tana River 55,350","28,122 27,228",588 312 276,"1,584 846 738","3,544 1,813 1,731"
"Lamu 30,722","15,673 15,049",302 166 136,769 421 348,"1,881 958 923"
"Taita-Taveta 67,949","34,844 33,105",949 502 447,"1,342 718 624","5,207 2,754 2,453"
"Garissa 71,860","40,904 30,956","2,017 1,201 816","2,926 1,775 1,151","5,215 2,879 2,336"
"Wajir 78,332","43,435 34,897","1,532 875 657","2,991 1,682 1,309","3,966 2,191 1,775"
"Mandera 104,585","54,796 49,789","1,458 816 642","3,496 1,807 1,689","5,315 2,777 2,538"
"Marsabit 67,252","33,750 33,502","1,323 666 657","1,679 870 809","6,910 3,341 3,569"
"Isiolo 46,912","23,574 23,338","1,023 547 476","1,412 722 690","3,670 1,795 1,875"
"Meru 325,152","164,063 161,089","3,213 1,632 1,581","6,111 3,182 2,929","23,026 11,626 11,400"
"Tharaka-Nithi82,218","41,758 40,460",756 386 370,"1,610 844 766","5,247 2,626 2,621"
"Embu 115,309","59,469 55,840","1,302 652 650","1,937 1,035 902","9,735 5,087 4,648"
"Kitui 306,741","157,231 149,510","4,658 2,442 2,216","5,248 2,737 2,511","28,102 14,554 13,548"
"Machakos 288,438","148,819 139,619","4,337 2,195 2,142","5,063 2,684 2,379","24,567 12,627 11,940"
"Makueni 235,336","121,682 113,654","3,110 1,582 1,528","4,062 2,163 1,899","20,297 10,501 9,796"
"Nyandarua 136,536","70,571 65,965","1,648 849 799","2,021 1,107 914","12,469 6,446 6,023"
"Nyeri 128,194","65,840 62,354","1,711 861 850","1,897 1,017 880","11,320 5,890 5,430"
"Kirinyaga 101,750","51,884 49,866","1,054 500 554","1,584 836 748","7,267 3,717 3,550"
"Murang'a 200,338","102,710 97,628","2,496 1,223 1,273","3,189 1,666 1,523","17,718 9,161 8,557"
"Kiambu 381,821","191,583 190,238","3,595 1,761 1,834","5,540 2,808 2,732","27,939 13,910 14,029"
"Turkana 107,499","55,855 51,644","4,248 2,364 1,884","3,371 1,793 1,578","14,228 7,561 6,667"
"West Pokot 139,839","70,158 69,681","1,007 550 457","2,859 1,499 1,360","7,293 3,784 3,509"
"Samburu 48,747","25,166 23,581",747 407 340,"1,040 537 503","5,753 2,983 2,770"
"Trans Nzoia 259,391","132,286 127,105","2,662 1,303 1,359","5,102 2,713 2,389","15,909 8,288 7,621"
"Uasin Gishu 254,218","129,207 125,011","2,261 1,174 1,087","4,192 2,208 1,984","17,071 8,827 8,244"
"Elgeyo-Marak w  e  t 117,334","59,624 57,710",855 452 403,"2,273 1,196 1,077","5,730 2,942 2,788"
"Nandi 225,572","116,107 109,465","2,211 1,157 1,054","3,881 2,079 1,802","18,162 9,531 8,631"
"Baringo 145,491","74,913 70,578","1,310 686 624","3,062 1,642 1,420","8,918 4,704 4,214"
"Laikipia 102,334","52,450 49,884","1,183 614 569","1,606 881 725","8,705 4,467 4,238"
"Nakuru 465,970","237,518 228,452","5,588 2,825 2,763","7,921 4,057 3,864","38,036 19,404 18,632"
"Narok 292,821","149,508 143,313","1,934 1,016 918","4,175 2,193 1,982","23,483 12,261 11,222"
"Kajiado 210,147","105,347 104,800","1,777 889 888","3,192 1,608 1,584","15,570 7,830 7,740"
"Kericho 222,193","113,669 108,524","2,080 1,098 982","3,455 1,771 1,684","21,739 11,227 10,512"
"Bomet 235,193","120,290 114,903","2,086 1,045 1,041","3,361 1,767 1,594","21,397 11,024 10,373"
"Kakamega 516,466","259,723 256,743","6,469 3,157 3,312","12,619 6,673 5,946","36,345 18,446 17,899"
"Vihiga 155,963","78,777 77,186","2,726 1,376 1,350","4,461 2,361 2,100","13,147 6,696 6,451"
"Bungoma 462,303","234,826 227,477","4,670 2,265 2,405","9,346 4,924 4,422","29,318 14,979 14,339"
"Busia 243,907","121,584 122,323","3,380 1,626 1,754","5,375 2,749 2,626","18,959 9,722 9,237"
"Siaya 261,331","132,130 129,201","7,820 4,007 3,813","8,554 4,481 4,073","34,973 18,183 16,790"
"Kisumu 278,669","139,752 138,917","7,778 3,891 3,887","7,687 3,987 3,700","37,217 18,958 18,259"
"Homabay 301,323","151,431 149,892","8,846 4,373 4,473","9,194 4,795 4,399","45,714 23,482 22,232"
"Migori 302,425","151,510 150,915","7,131 3,593 3,538","7,755 3,975 3,780","42,092 21,514 20,578"
"Kisii 309,637","156,763 152,874","4,903 2,434 2,469","6,411 3,433 2,978","33,387 17,168 16,219"
"Nyamira 144,916","73,981 70,935","2,535 1,259 1,276","2,797 1,517 1,280","15,152 7,852 7,300"
"Nairobi City 651,784","320,455 331,329","6,538 2,925 3,613","10,835 5,255 5,580","41,853 19,947 21,906"
"",,,Number of Partial Orphans,Number of Partial Orphans
Residence/,Secondary School Enrolment,Number of Orphans,(Father Alive),(Mother Alive)
County,Total Male Female,Total Male Female,Total Male Female,Total Male Female
KENYA,"3,470,895  1,746,881  1,724,014","90,303   48,442   41,861","108,293 56,554   51,739","423,897  216,822  207,075"
Rural,"2,455,182  1,251,658  1,203,524","60,984   33,779   27,205","74,973 40,097   34,876","304,322  158,853  145,469"
Urban,"1,015,713 495,223 520,490","29,319   14,663   14,656","33,320 16,457   16,863","119,575 57,969 61,606"
Mombasa,"70,018 35,322 34,696","2,016 1,039 977","2,506 1,335 1,171","7,640 3,828 3,812"
Kwale,"37,439 19,741 17,698",770 420 350,"1,410 809 601","4,176 2,284 1,892"
Kilifi,"84,679 44,545 40,134","1,469 837 632","2,669 1,477 1,192","10,297 5,589 4,708"
Tana River,"12,560 7,369 5,191",291 198 93,566 338 228,"1,477 898 579"
Lamu,"7,716 4,157 3,559",160 98 62,284 172 112,725 387 338
Taita-Taveta,"23,264 11,483 11,781",647 339 308,754 379 375,"2,660 1,325 1,335"
Garissa,"28,540 18,468 10,072","1,402 977 425","1,455 1,010 445","2,881 1,836 1,045"
Wajir,"26,201 16,410 9,791","1,045 679 366","1,209 771 438","1,833 1,120 713"
Mandera,"31,212 19,107 12,105",699 483 216,"1,241 776 465","2,280 1,397 883"
Marsabit,"16,886 9,538 7,348",587 350 237,664 399 265,"2,607 1,495 1,112"
Isiolo,"13,072 7,040 6,032",422 242 180,541 291 250,"1,665 882 783"
Meru,"109,429 51,581 57,848","1,685 851 834","2,888 1,453 1,435","10,988 5,131 5,857"
Tharaka-Nithi,"32,254 16,023 16,231",532 290 242,905 453 452,"3,122 1,580 1,542"
Embu,"47,739 23,207 24,532",967 492 475,"1,143 588 555","5,162 2,551 2,611"
Kitui,"92,015 45,257 46,758","2,360 1,273 1,087","2,322 1,170 1,152","10,626 5,368 5,258"
Machakos,"108,967 53,884 55,083","3,071 1,579 1,492","2,881 1,451 1,430","12,232 6,183 6,049"
Makueni,"90,940 44,982 45,958","2,159 1,098 1,061","2,416 1,210 1,206","10,249 5,150 5,099"
Nyandarua,"62,184 31,187 30,997","1,219 647 572","1,408 709 699","6,977 3,570 3,407"
Nyeri,"64,005 32,532 31,473","1,439 730 709","1,637 866 771","7,707 3,935 3,772"
Kirinyaga,"46,691 23,691 23,000",777 394 383,"1,094 587 507","4,644 2,427 2,217"
Murang'a,"86,074 44,082 41,992","1,748 915 833","2,142 1,116 1,026","10,021 5,257 4,764"
Kiambu,"171,109 83,048 88,061","3,719 1,790 1,929","4,626 2,194 2,432","19,037 9,318 9,719"
Turkana,"30,573 18,496 12,077","2,118 1,466 652","1,364 824 540","5,456 3,458 1,998"
West Pokot,"37,434 20,007 17,427",555 339 216,"1,151 637 514","3,569 2,010 1,559"
Samburu,"13,056 7,689 5,367",452 290 162,516 303 213,"2,152 1,291 861"
Trans Nzoia,"87,205 43,541 43,664","1,611 870 741","2,570 1,343 1,227","8,859 4,493 4,366"
Uasin Gishu,"101,852 49,798 52,054","1,829 877 952","2,757 1,362 1,395","10,692 5,230 5,462"
Elgeyo-Marakwet,"39,569 19,585 19,984",465 258 207,"1,176 629 547","3,384 1,701 1,683"
Nandi,"77,862 38,547 39,315","1,281 683 598","2,001 1,046 955","8,667 4,268 4,399"
Baringo,"50,124 25,517 24,607",790 429 361,"1,691 922 769","4,977 2,602 2,375"
Laikipia,"39,649 20,287 19,362",849 464 385,"1,047 560 487","4,536 2,349 2,187"
Nakuru,"184,758 94,070 90,688","4,370 2,356 2,014","4,870 2,522 2,348","21,519 11,253 10,266"
Narok,"67,741 36,292 31,449","1,027 587 440","1,594 912 682","8,286 4,544 3,742"
Kajiado,"67,495 33,640 33,855","1,531 773 758","1,847 899 948","7,866 3,965 3,901"
Kericho,"80,842 40,619 40,223","1,425 727 698","2,049 1,066 983","10,348 5,252 5,096"
Bomet,"79,385 40,633 38,752","1,340 731 609","1,908 995 913","9,865 5,146 4,719"
Kakamega,"152,094 73,205 78,889","3,219 1,648 1,571","5,285 2,655 2,630","16,757 8,237 8,520"
Vihiga,"49,960 23,844 26,116","1,483 732 751","2,025 1,000 1,025","6,198 2,985 3,213"
Bungoma,"149,659 73,339 76,320","2,548 1,363 1,185","4,593 2,305 2,288","14,957 7,591 7,366"
Busia,"73,647 36,712 36,935","1,702 916 786","2,319 1,229 1,090","9,176 4,709 4,467"
Siaya,"77,629 38,314 39,315","4,654 2,435 2,219","3,577 1,843 1,734","15,258 7,558 7,700"
Kisumu,"98,768 48,596 50,172","5,615 2,977 2,638","4,472 2,282 2,190","19,017 9,511 9,506"
Homabay,"98,865 51,094 47,771","5,376 3,056 2,320","4,519 2,446 2,073","20,711 11,089 9,622"
Migori,"86,765 45,119 41,646","3,890 2,249 1,641","3,419 1,815 1,604","16,056 8,569 7,487"
Kisii,"120,389 60,445 59,944","3,254 1,708 1,546","3,819 2,054 1,765","16,176 8,275 7,901"
Nyamira,"59,074 29,406 29,668","1,627 869 758","1,783 952 831","7,509 3,716 3,793"
Nairobi City,"283,506 135,432 148,074","8,108 3,918 4,190","9,180 4,399 4,781","32,900 15,509 17,391"
"",,,Total,,,Rural,,,Urban,
"",,,,,,,,,,
"",,,,Economic,,,Economic,,,Economic
"",,,Unemploy,ally,,Unemploy,ally,,Unemploy,ally
Difficulty,Sex,Total,Employed ed,Inactive,Total,Employed ed,Inactive,Total,Employed ed,Inactive
Visual,Total,"52,570","42,523 1,567","8,480","31,026","27,356 523","3,147","21,544","15,167 1,044","5,333"
"",Male,"28,569","24,090 781","3,698","18,304","16,385 311","1,608","10,265","7,705 470","2,090"
"",Female,"24,001","18,433 786","4,782","12,722","10,971 212","1,539","11,279","7,462 574","3,243"
Hearing,Total,"13,592","10,818 431","2,343","9,226","7,881 206","1,139","4,366","2,937 225","1,204"
"",Male,"8,390","6,911 261","1,218","5,907","5,135 138",634,"2,483","1,776 123",584
"",Female,"5,202","3,907 170","1,125","3,319","2,746 68",505,"1,883","1,161 102",620
Mobility,Total,"46,897","38,537 602","7,758","32,861","29,455 279","3,127","14,036","9,082 323","4,631"
"",Male,"27,580","23,183 353","4,044","20,141","18,124 178","1,839","7,439","5,059 175","2,205"
"",Female,"19,317","15,354 249","3,714","12,720","11,331 101","1,288","6,597","4,023 148","2,426"
Cognitive,Total,"16,089","13,164 365","2,560","11,923","10,548 173","1,202","4,166","2,616 192","1,358"
"",Male,"9,353","7,777 212","1,364","7,102","6,307 109",686,"2,251","1,470 103",678
"",Female,"6,736","5,387 153","1,196","4,821","4,241 64",516,"1,915","1,146 89",680
Self-care,Total,"8,965","6,596 130","2,239","6,179","5,156 60",963,"2,786","1,440 70","1,276"
"",Male,"5,796","4,415 74","1,307","4,210","3,544 42",624,"1,586",871 32,683
"",Female,"3,169","2,181 56",932,"1,969","1,612 18",339,"1,200",569 38,593
Communication,Total,"6,570","4,835 215","1,520","4,275","3,490 96",689,"2,295","1,345 119",831
"",Male,"4,146","3,159 141",846,"2,784","2,322 64",398,"1,362",837 77,448
"",Female,"2,424","1,676 74",674,"1,491","1,168 32",291,933,508 42,383
"",,,Number of PWDs By Economic Activity,Percentage Distribution of  PWDs by
"",,,Economically,Economically
Difficulty,Sex,Total,Employed Unemployed Inactive,Employed Unemployed Inactive
Visual,Total,"52,570","42,523 1,567 8,480",80.9 3.0 16.1
"",Male,"28,569","24,090 781 3,698",84.3 2.7 12.9
"",Female,"24,001","18,433 786 4,782",76.8 3.3 19.9
Hearing,Total,"13,592","10,818 431 2,343",79.6 3.2 17.2
"",Male,"8,390","6,911 261 1,218",82.4 3.1 14.5
"",Female,"5,202","3,907 170 1,125",75.1 3.3 21.6
Mobility,Total,"46,897","38,537 602 7,758",82.2 1.3 16.5
"",Male,"27,580","23,183 353 4,044",84.1 1.3 14.7
"",Female,"19,317","15,354 249 3,714",79.5 1.3 19.2
Cognitive,Total,"16,089","13,164 365 2,560",81.8 2.3 15.9
"",Male,"9,353","7,777 212 1,364",83.1 2.3 14.6
"",Female,"6,736","5,387 153 1,196",80.0 2.3 17.8
Self-care,Total,"8,965","6,596 130 2,239",73.6 1.5 25.0
"",Male,"5,796","4,415 74 1,307",76.2 1.3 22.6
"",Female,"3,169","2,181 56 932",68.8 1.8 29.4
Communication,Total,"6,570","4,835 215 1,520",73.6 3.3 23.1
"",Male,"4,146","3,159 141 846",76.2 3.4 20.4
"",Female,"2,424","1,676 74 674",69.1 3.1 27.8
